{"cameraMode":{"drawMode":0,"name":"Shaded","section":"Shading Mode"},"sceneLighting":true,"audioPlay":false,"sceneViewState":{"m_AlwaysRefresh":false,"showFog":true,"showSkybox":true,"showFlares":true,"showImageEffects":true,"showParticleSystems":true,"showVisualEffectGraphs":true,"m_FxEnabled":true},"in2DMode":false,"pivot":{"x":-0.09326553344726563,"y":5.759110450744629,"z":37.316062927246097},"rotation":{"x":-0.07516402751207352,"y":0.891494631767273,"z":-0.23580463230609895,"w":-0.3789801299571991},"size":15.117866516113282,"orthographic":false}